variable,subdomain,is_summary,mean_pct_missing,n_subjects_2+_waves,mean_waves_per_subject,mean_variance,miss_score,long_score,var_score,summary_bonus,composite_score
nt_y_stq__screen__wknd_nm,screen_weekend,True,0.03833333333333333,11185,4.86,0.0094,1.0,1.0,0.0,0.1,0.7
nt_y_stq__screen__wknd_sum,screen_weekend,True,0.10833333333333334,11183,4.86,104.0369,0.9992969181579255,0.9998211890925346,3.2661191084079254e-11,0.1,0.6997354321816702
nt_y_stq__screen__wknd__tot__min_001,screen_weekend,True,16.708333333333332,10810,3.98,207.2311,0.8325660813231331,0.9664729548502459,6.506075355524016e-11,0.1,0.6397117108650258
nt_y_stq__screen__wknd__tot__hr_001,screen_weekend,True,16.708333333333332,10810,3.98,16.9376,0.8325660813231331,0.9664729548502459,5.314894378020335e-12,0.1,0.6397117108530765
nt_y_stq__screen__wkdy__tot__min_001,screen_weekday,True,16.71,10810,3.98,205.388,0.8325493412792742,0.9664729548502459,6.448208117258109e-11,0.1,0.6397066888517524
nt_y_stq__screen__wkdy__tot__hr_001,screen_weekday,True,16.71,10810,3.98,9.9645,0.8325493412792742,0.9664729548502459,3.1255718282292406e-12,0.1,0.6397066888394811
nt_y_stq__screen__mature_002,other,False,0.10000000000000002,11184,4.86,0.5368,0.9993806183772201,0.9999105945462673,1.655861399893624e-13,0.0,0.5997873638770792
nt_y_stq__screen__mature_001,other,False,0.10166666666666667,11183,4.86,0.8817,0.9993638783333613,0.9998211890925346,2.7387332179127954e-13,0.0,0.5997555202278234
nt_y_stq__screen__wkdy_nm,screen_weekday,True,33.348333333333336,11126,3.66,0.0152,0.6654334834357266,0.994725078229772,1.8210079862311373e-15,0.1,0.59804756849965
nt_y_stq__screen__wkdy_sum,screen_weekday,True,33.435,11124,3.66,57.2348,0.6645630011550631,0.9945462673223067,1.7966881106081264e-11,0.1,0.5977327805468043
nt_y_stq__sleep_002,sleep,False,16.71,10812,3.98,22807.4586,0.8325493412792742,0.9666517657577112,7.160783989441547e-09,0.0,0.5397603335432524
nt_y_stq__sleep_001,sleep,False,16.71,10812,3.98,1152.3446,0.8325493412792742,0.9666517657577112,3.6179510379573364e-10,0.0,0.5397603321834545
nt_y_stq__screen__wknd__min_005,screen_weekend,False,16.706666666666667,10811,3.98,214.0579,0.832582821366992,0.9665623603039786,6.720414274841303e-11,0.0,0.539743554514732
nt_y_stq__screen__wknd__min_006,screen_weekend,False,16.706666666666667,10811,3.98,197.3697,0.832582821366992,0.9665623603039786,6.196460042499537e-11,0.0,0.5397435545136842
nt_y_stq__screen__wknd__min_008,screen_weekend,False,16.706666666666667,10811,3.98,147.4753,0.832582821366992,0.9665623603039786,4.629941062013144e-11,0.0,0.5397435545105511
nt_y_stq__screen__wknd__hr_006,screen_weekend,False,16.706666666666667,10811,3.98,6.6724,0.832582821366992,0.9665623603039786,2.0919614159065635e-12,0.0,0.5397435545017096
nt_y_stq__screen__wknd__hr_005,screen_weekend,False,16.706666666666667,10811,3.98,6.1099,0.832582821366992,0.9665623603039786,1.915355037931561e-12,0.0,0.5397435545016742
nt_y_stq__screen__wknd__hr_008,screen_weekend,False,16.706666666666667,10811,3.98,5.0615,0.832582821366992,0.9665623603039786,1.5861921460755738e-12,0.0,0.5397435545016084
nt_y_stq__screen__wknd__min_003,screen_weekend,False,16.708333333333332,10811,3.98,188.1814,0.8325660813231331,0.9665623603039786,5.907977841122165e-11,0.0,0.5397385324999495
nt_y_stq__screen__wknd__min_004,screen_weekend,False,16.708333333333332,10811,3.98,174.8499,0.8325660813231331,0.9665623603039786,5.489412876149055e-11,0.0,0.5397385324991123
nt_y_stq__screen__wknd__hr_004,screen_weekend,False,16.708333333333332,10811,3.98,7.6115,0.8325660813231331,0.9665623603039786,2.386807726228919e-12,0.0,0.5397385324886109
nt_y_stq__screen__wknd__hr_003,screen_weekend,False,16.708333333333332,10811,3.98,6.8209,0.8325660813231331,0.9665623603039786,2.1385854996919644e-12,0.0,0.5397385324885613
nt_y_stq__socmed_001,social_media,False,16.718333333333334,10811,3.98,0.1656,0.8324656410599796,0.9665623603039786,4.90416288705696e-14,0.0,0.5397084004091972
nt_y_stq__sleep_003,sleep,False,31.001666666666665,10719,3.25,1631.9727,0.6890034651890788,0.9583370585605722,5.123824487131244e-10,0.0,0.49420215722737176
nt_y_stq__sleep_007,sleep,False,31.001666666666665,10719,3.25,1594.8224,0.6890034651890788,0.9583370585605722,5.007184844043516e-10,0.0,0.49420215722503896
nt_y_stq__sleep_004,sleep,False,31.001666666666665,10719,3.25,1528.1136,0.6890034651890788,0.9583370585605722,4.797741296540247e-10,0.0,0.4942021572208501
nt_y_stq__sleep_006,sleep,False,31.001666666666665,10719,3.25,1435.8171,0.6890034651890788,0.9583370585605722,4.5079608420554505e-10,0.0,0.4942021572150545
nt_y_stq__sleep_010,sleep,False,31.001666666666665,10719,3.25,1417.7795,0.6890034651890788,0.9583370585605722,4.4513287495512393e-10,0.0,0.49420215721392186
nt_y_stq__sleep_005,sleep,False,31.001666666666665,10719,3.25,1334.8191,0.6890034651890788,0.9583370585605722,4.190860558273774e-10,0.0,0.4942021572087125
nt_y_stq__sleep_014,sleep,False,26.433333333333334,10133,3.51,11201.5957,0.7348879254063646,0.9059454626732231,3.516927260475396e-09,0.0,0.4922500171272618
nt_y_stq__sleep_013,sleep,False,26.433333333333334,10133,3.51,10111.9445,0.7348879254063646,0.9059454626732231,3.1748128574743025e-09,0.0,0.4922500170588389
nt_y_stq__phone_009,other,False,27.903333333333336,10021,3.48,3519.4962,0.7201232067228016,0.8959320518551631,1.1050023396957019e-09,0.0,0.4848165777943899
nt_y_stq__phone_007,other,False,27.903333333333336,10021,3.48,2553.9481,0.7201232067228016,0.8959320518551631,8.018522015594429e-10,0.0,0.48481657773375986
nt_y_stq__phone_004,other,False,27.903333333333336,10021,3.48,2397.401,0.7201232067228016,0.8959320518551631,7.527015947799042e-10,0.0,0.4848165777239297
nt_y_stq__phone_001,other,False,27.903333333333336,10021,3.48,2101.0829,0.7201232067228016,0.8959320518551631,6.596675212342427e-10,0.0,0.48481657770532294
nt_y_stq__phone_008,other,False,27.903333333333336,10021,3.48,1874.0966,0.7201232067228016,0.8959320518551631,5.884013376023364e-10,0.0,0.4848165776910697
nt_y_stq__phone_003,other,False,27.903333333333336,10021,3.48,1566.5264,0.7201232067228016,0.8959320518551631,4.91834477166697e-10,0.0,0.4848165776717563
nt_y_stq__phone_005,other,False,27.903333333333336,10021,3.48,1526.8315,0.7201232067228016,0.8959320518551631,4.793715926989994e-10,0.0,0.4848165776692637
nt_y_stq__phone_002,other,False,27.903333333333336,10021,3.48,1508.9991,0.7201232067228016,0.8959320518551631,4.737728094552634e-10,0.0,0.48481657766814396
nt_y_stq__phone_006,other,False,27.903333333333336,10021,3.48,1297.0356,0.7201232067228016,0.8959320518551631,4.072232876812111e-10,0.0,0.4848165776548341
nt_y_stq__sleep_009,sleep,False,36.475,10694,2.99,1450.8215,0.6340291611564023,0.9561019222172552,4.555069690725462e-10,0.0,0.47703932510319863
nt_y_stq__screen__wknd__hr_001__v01,screen_weekend,False,33.39666666666667,10090,3.1,11.3338,0.6649480221638181,0.902101028162718,3.555486696426878e-12,0.0,0.47011471509867186
nt_y_stq__screen__wknd__min_001__v01,screen_weekend,False,33.39833333333333,10089,3.1,234.872,0.6649312821199592,0.9020116227089853,7.373908108051882e-11,0.0,0.47008287146343114
nt_y_stq__screen__wknd__school__min_001,screen_weekend,False,33.405,10088,3.1,202.7384,0.6648643219445236,0.9019222172552526,6.365019448976765e-11,0.0,0.4700359617726628
nt_y_stq__screen__wknd__school__hr_001,screen_weekend,False,33.405,10088,3.1,6.7735,0.6648643219445236,0.9019222172552526,2.1237034689079375e-12,0.0,0.4700359617603575
nt_y_stq__screen__wkdy__school__min_001,screen_weekday,False,34.916666666666664,9901,3.05,216.0097,0.6496811021644877,0.8852033974072419,6.781694333246924e-11,0.0,0.46046534988508225
nt_y_stq__screen__wkdy__school__hr_001,screen_weekday,False,34.916666666666664,9901,3.05,5.9742,0.6496811021644877,0.8852033974072419,1.872749730391636e-12,0.0,0.4604653498718934
nt_y_stq__screen__wknd__tot__hr_002,screen_weekend,True,53.935,7980,2.16,11.5096,0.45866046169040975,0.713455520786768,3.6106820764233324e-12,0.1,0.45163479474387547
nt_y_stq__screen__wknd__tot__min_002,screen_weekend,True,53.93666666666667,7980,2.16,201.1253,0.45864372164655076,0.713455520786768,6.314373449276945e-11,0.1,0.4516297727426244
nt_y_stq__screen__wkdy__tot__min_002,screen_weekday,True,54.81,7776,2.13,201.2196,0.4498719386644794,0.6952168082253017,6.317334157089043e-11,0.1,0.443526624079569
nt_y_stq__screen__wkdy__tot__hr_002,screen_weekday,True,54.81,7776,2.13,6.4377,0.4498719386644794,0.6952168082253017,2.018273385843038e-12,0.1,0.443526624067338
nt_y_stq__vidgame_004,other,False,35.64333333333334,9311,3.3,2193.1449,0.6423824430420009,0.832454179704962,6.885719414460376e-10,0.0,0.44245098696180324
nt_y_stq__vidgame_006,other,False,35.64333333333334,9311,3.3,1846.0087,0.6423824430420009,0.832454179704962,5.795826668753603e-10,0.0,0.4424509869400054
nt_y_stq__vidgame_003,other,False,35.64333333333334,9311,3.3,1470.3708,0.6423824430420009,0.832454179704962,4.616448020768959e-10,0.0,0.4424509869164178
nt_y_stq__vidgame_005,other,False,35.64333333333334,9311,3.3,1354.5068,0.6423824430420009,0.832454179704962,4.2526734184988135e-10,0.0,0.4424509869091423
nt_y_stq__vidgame_002,other,False,35.64333333333334,9311,3.3,1205.313,0.6423824430420009,0.832454179704962,3.7842542783330013e-10,0.0,0.4424509868997739
nt_y_stq__vidgame_001,other,False,35.64333333333334,9311,3.3,1077.6744,0.6423824430420009,0.832454179704962,3.3835113301409984e-10,0.0,0.44245098689175905
nt_y_stq__screen__wkdy__min_006,screen_weekday,False,50.01833333333334,10640,2.76,180.9034,0.49799956475885976,0.9512740277156907,5.679472735539576e-11,0.0,0.43478207775372407
nt_y_stq__screen__wkdy__min_004,screen_weekday,False,50.01833333333334,10640,2.76,163.4669,0.49799956475885976,0.9512740277156907,5.132024360506486e-11,0.0,0.43478207775262917
nt_y_stq__screen__wkdy__min_008,screen_weekday,False,50.01833333333334,10640,2.76,132.7279,0.49799956475885976,0.9512740277156907,4.166921524493401e-11,0.0,0.43478207775069894
nt_y_stq__screen__wkdy__hr_005,screen_weekday,False,50.01833333333334,10640,2.76,3.793,0.49799956475885976,0.9512740277156907,1.1879251408110572e-12,0.0,0.4347820777426027
nt_y_stq__screen__wkdy__hr_004,screen_weekday,False,50.01833333333334,10640,2.76,3.7408,0.49799956475885976,0.9512740277156907,1.1715360689349769e-12,0.0,0.4347820777425994
nt_y_stq__screen__wkdy__hr_003,screen_weekday,False,50.01833333333334,10640,2.76,3.4154,0.49799956475885976,0.9512740277156907,1.0693712415695265e-12,0.0,0.434782077742579
nt_y_stq__screen__wkdy__hr_008,screen_weekday,False,50.01833333333334,10640,2.76,2.624,0.49799956475885976,0.9512740277156907,8.208978415172297e-13,0.0,0.4347820777425293
nt_y_stq__screen__wkdy__min_003,screen_weekday,False,50.02,10640,2.76,178.679,0.49798282471500077,0.9512740277156907,5.60963393959867e-11,0.0,0.4347770557404267
nt_y_stq__screen__wkdy__hr_006,screen_weekday,False,50.03666666666667,10638,2.76,4.0461,0.4978154242764117,0.9510952168082253,1.267390161727454e-12,0.0,0.4346731923256445
nt_y_stq__screen__wkdy__min_005,screen_weekday,False,50.038333333333334,10638,2.76,192.9182,0.4977986842325528,0.9510952168082253,6.056697679556298e-11,0.0,0.4346681703243468
nt_y_stq__socmed_007,social_media,False,36.71333333333333,8948,3.21,4944.8224,0.6316353348845776,0.8,1.5525075798999225e-09,0.0,0.42949060077587475
nt_y_stq__socmed_003,social_media,False,36.71333333333333,8948,3.21,3576.7917,0.6316353348845776,0.8,1.122991229881065e-09,0.0,0.42949060068997147
nt_y_stq__socmed_011,social_media,False,36.71333333333333,8948,3.21,2040.7876,0.6316353348845776,0.8,6.407367931597251e-10,0.0,0.4294906005935206
nt_y_stq__socmed_013,social_media,False,36.71333333333333,8948,3.21,1808.1977,0.6316353348845776,0.8,5.677112646396041e-10,0.0,0.42949060057891547
nt_y_stq__socmed_012,social_media,False,36.71333333333333,8948,3.21,1550.7788,0.6316353348845776,0.8,4.868902521039429e-10,0.0,0.4294906005627513
nt_y_stq__socmed_008,social_media,False,36.71333333333333,8948,3.21,1462.2631,0.6316353348845776,0.8,4.5909925268897063e-10,0.0,0.42949060055719307
nt_y_stq__socmed_009,social_media,False,36.71333333333333,8948,3.21,1315.7959,0.6316353348845776,0.8,4.131134008060546e-10,0.0,0.4294906005479959
nt_y_stq__socmed_010,social_media,False,36.71333333333333,8948,3.21,1289.0812,0.6316353348845776,0.8,4.0472586941816345e-10,0.0,0.42949060054631844
nt_y_stq__sleep_011,sleep,False,47.673333333333325,9538,2.34,1649.5443,0.5215528064683531,0.8527492177022798,5.178993493908588e-10,0.0,0.4122906073547697
nt_y_stq__dapp_001,other,False,50.038333333333334,9138,2.22,9419.15,0.4977986842325528,0.8169870362092088,2.957298320005853e-09,0.0,0.39443571672398814
nt_y_stq__sleep_008,sleep,False,53.14333333333334,9236,2.09,1760.1208,0.4666119825233943,0.8257487706750112,5.526167096649082e-10,0.0,0.387708226070045
nt_y_stq__screen__wknd__hr_009,screen_weekend,False,66.66833333333334,10196,1.91,1.3776,0.33076652660829986,0.9115780062583818,4.2956950461404175e-13,0.0,0.3727033598600904
nt_y_stq__screen__wkdy__hr_009,screen_weekday,False,66.66833333333334,10196,1.91,0.8184,0.33076652660829986,0.9115780062583818,2.539992173898259e-13,0.0,0.37270335986005526
nt_y_stq__screen__wknd__min_009,screen_weekend,False,66.67,10195,1.91,161.2309,0.3307497865644409,0.9114886008046491,5.0618213629683336e-11,0.0,0.3726715162208506
nt_y_stq__screen__wkdy__min_009,screen_weekday,False,66.67,10195,1.91,138.1676,0.3307497865644409,0.9114886008046491,4.337710095919289e-11,0.0,0.37267151621940237
nt_y_stq__screen__wkdy__min_001__v01,screen_weekday,False,66.69833333333334,9265,1.86,234.0316,0.3304652058188393,0.8283415288332588,7.347522330265182e-11,0.0,0.34764202041032444
nt_y_stq__screen__wkdy__hr_001__v01,screen_weekday,False,66.69833333333334,9265,1.86,6.0847,0.3304652058188393,0.8283415288332588,1.9074430721982807e-12,0.0,0.3476420203960109
nt_y_stq__screen__wknd__min_001__01,screen_weekend,False,55.153333333333336,7723,2.12,210.6529,0.4464234896295429,0.6904783191774698,6.613508547373769e-11,0.0,0.3410705426553308
nt_y_stq__screen__wknd__hr_001__01,screen_weekend,False,55.153333333333336,7723,2.12,8.6417,0.4464234896295429,0.6904783191774698,2.7102564206108704e-12,0.0,0.34107054264264586
nt_y_stq__socmed_005,social_media,False,83.74,3385,1.48,3185049183668.8916,0.15929825736143455,0.302637460885114,0.9999999999999999,0.0,0.3385807154739645
nt_y_stq__screen__wknd__min_005__01,screen_weekend,False,57.635,7225,2.05,227.9116,0.4214975643236186,0.6459544032185963,7.155374591028379e-11,0.0,0.32023559027697523
nt_y_stq__screen__wknd__hr_005__01,screen_weekend,False,57.635,7225,2.05,6.3338,0.4214975643236186,0.6459544032185963,1.9856522255379665e-12,0.0,0.3202355902630616
nt_y_stq__screen__wknd__hr_006__01,screen_weekend,False,60.89333333333334,6515,2.03,7.2086,0.38877077857944,0.5824765310683951,2.2603104645646904e-12,0.0,0.2913741928948026
nt_y_stq__screen__wknd__min_006__01,screen_weekend,False,60.89666666666667,6515,2.03,228.9019,0.3887372984917221,0.5824765310683951,7.186466732558804e-11,0.0,0.29136414888240814
nt_y_stq__screen__wknd__school__min_002,screen_weekend,False,63.72666666666667,5858,1.89,124.5308,0.3603127040192846,0.5237371479660259,3.909559721666931e-11,0.0,0.2652149556034123
nt_y_stq__screen__wknd__school__hr_002,screen_weekend,False,63.72666666666667,5858,1.89,5.3051,0.3603127040192846,0.5237371479660259,1.662674481497282e-12,0.0,0.26521495559592567
nt_y_stq__sleep_012,sleep,False,64.33166666666666,5523,1.57,1838.6415,0.3542360680984986,0.4937863209655789,5.772696099725736e-10,0.0,0.25440671683467714
nt_y_stq__screen__wkdy__school__min_002,screen_weekday,False,72.21833333333333,6054,1.65,120.8596,0.2750221805581132,0.5412606168976307,3.7942961954763836e-11,0.0,0.24488483924431179
nt_y_stq__screen__wkdy__school__hr_002,screen_weekday,False,72.21833333333333,6054,1.65,2.8197,0.2750221805581132,0.5412606168976307,8.823411627078217e-13,0.0,0.24488483923689966
nt_y_stq__screen__wknd__min_003__01,screen_weekend,False,70.25,4683,1.79,188.5621,0.2947921723554917,0.41868573983012963,5.919930560783513e-11,0.0,0.21404337366752624
nt_y_stq__screen__wknd__hr_003__01,screen_weekend,False,70.25,4683,1.79,4.4106,0.2947921723554917,0.41868573983012963,1.3818310946552553e-12,0.0,0.21404337365596274
nt_y_stq__screen__wknd__min_004__01,screen_weekend,False,72.15666666666667,4456,1.83,148.5698,0.2756415621808931,0.3983907018328118,4.6643047385809014e-11,0.0,0.20220967921344007
nt_y_stq__screen__wknd__hr_004__01,screen_weekend,False,72.15666666666667,4456,1.83,3.6043,0.2756415621808931,0.3983907018328118,1.1286795878797096e-12,0.0,0.2022096792043372
nt_y_stq__socmed_004,social_media,False,79.83,4936,1.62,92048.9083,0.19857040025444883,0.4413053196244971,2.8900306900117686e-08,0.0,0.19196272174374512
nt_y_stq__socmed__min_001,social_media,False,81.39333333333333,3790,1.57,231.4308,0.18286823911478667,0.33884666964684845,7.265865820427424e-11,0.0,0.15651447264302226
nt_y_stq__socmed__hr_001,social_media,False,81.46,3777,1.57,6.6111,0.18219863736043007,0.3376843987483236,2.0727152452934657e-12,0.0,0.15596491083304062
nt_y_stq__screen__wknd__min_008__01,screen_weekend,False,78.3,3185,1.64,213.7438,0.2139377605169327,0.28475637013857846,6.71055257469518e-11,0.0,0.14960823921007443
nt_y_stq__screen__wknd__hr_008__01,screen_weekend,False,78.3,3185,1.64,8.2289,0.2139377605169327,0.28475637013857846,2.5806508866942817e-12,0.0,0.14960823919716948
nt_y_stq__socmed_006,social_media,False,84.09666666666666,3202,1.46,24533412.5166,0.15571588797562674,0.28627626285203395,7.702679328467945e-06,0.0,0.1325991857841639
nt_y_stq__screen__wkdy_004,screen_weekday,False,83.2,79,1.01,0.6962,0.16472203157172283,0.007063030844881538,2.1563246292130092e-13,0.0,0.05153551872502443
nt_y_stq__screen__wkdy_003,screen_weekday,False,83.20166666666667,79,1.01,1.4636,0.16470529152786395,0.007063030844881538,4.565706575133311e-13,0.0,0.05153049671191496
nt_y_stq__screen__wkdy_006,screen_weekday,False,83.20166666666667,79,1.01,0.5407,0.16470529152786395,0.007063030844881538,1.6681061087665575e-13,0.0,0.051530496711857006
nt_y_stq__screen__wkdy_005,screen_weekday,False,83.20166666666667,79,1.01,0.5277,0.16470529152786395,0.007063030844881538,1.6272904125234456e-13,0.0,0.05153049671185619
nt_y_stq__screen__wkdy_002,screen_weekday,False,83.205,79,1.01,1.2297,0.1646718114401462,0.007063030844881538,3.831338009651478e-13,0.0,0.051520452685584944
nt_y_stq__screen__wkdy_001,screen_weekday,False,83.205,79,1.01,1.132,0.1646718114401462,0.007063030844881538,3.524592354039784e-13,0.0,0.05152045268557881
nt_y_stq__screen__wkdy__min_002,screen_weekday,False,83.33833333333332,0,1.0,216.3167,0.163332607931433,0.0,6.791333116898182e-11,0.0,0.048999782393012566
nt_y_stq__screen__wkdy__min_007,screen_weekday,False,83.33833333333332,0,1.0,54.7935,0.163332607931433,0.0,1.7200393727325046e-11,0.0,0.048999782382869984
nt_y_stq__screen__wkdy__hr_002,screen_weekday,False,83.33833333333332,0,1.0,3.2919,0.163332607931433,0.0,1.0305963301385703e-12,0.0,0.04899978237963602
nt_y_stq__screen__wkdy__hr_007,screen_weekday,False,83.33833333333332,0,1.0,0.4727,0.163332607931433,0.0,1.4546086207256655e-13,0.0,0.048999782379459
nt_y_stq__screen__wknd__min_001,screen_weekend,False,83.34,0,1.0,225.3398,0.16331586788757402,0.0,7.074628585183736e-11,0.0,0.048994760380421463
nt_y_stq__screen__wknd__min_002,screen_weekend,False,83.34,0,1.0,210.2212,0.16331586788757402,0.0,6.599954596552115e-11,0.0,0.04899476037947211
nt_y_stq__screen__wknd__min_007,screen_weekend,False,83.34,0,1.0,60.2662,0.16331586788757402,0.0,1.8918640349091794e-11,0.0,0.048994760370055936
nt_y_stq__screen__wknd__hr_001,screen_weekend,False,83.34,0,1.0,7.0296,0.16331586788757402,0.0,2.2041103905068676e-12,0.0,0.048994760366713026
nt_y_stq__screen__wknd__hr_002,screen_weekend,False,83.34,0,1.0,6.4653,0.16331586788757402,0.0,2.026938872122345e-12,0.0,0.048994760366677596
nt_y_stq__screen__wknd_004,screen_weekend,False,83.34,0,1.0,0.6957,0.16331586788757402,0.0,2.15475479474212e-13,0.0,0.0489947603663153
nt_y_stq__screen__wknd__hr_007,screen_weekend,False,83.34,0,1.0,0.5793,0.16331586788757402,0.0,1.7892973299191817e-13,0.0,0.04899476036630799
nt_y_stq__screen__wknd_005,screen_weekend,False,83.34,0,1.0,0.5234,0.16331586788757402,0.0,1.613789836073801e-13,0.0,0.04899476036630448
nt_y_stq__screen__wkdy__min_001,screen_weekday,False,83.34166666666667,0,1.0,231.7867,0.16329912784371514,0.0,7.277039902191211e-11,0.0,0.04898973836766862
nt_y_stq__screen__wkdy__hr_001,screen_weekday,False,83.34166666666667,0,1.0,2.9363,0.16329912784371514,0.0,9.18949702568951e-13,0.0,0.04898973835329833
nt_y_stq__screen__wknd_003,screen_weekend,False,83.34333333333333,0,1.0,2.0211,0.16328238779985615,0.0,6.316072010174447e-13,0.0,0.04898471634008317
nt_y_stq__screen__wknd_006,screen_weekend,False,83.345,0,1.0,0.6022,0.16326564775599728,0.0,1.8611957486858935e-13,0.0,0.04897969432683641
nt_y_stq__screen__wknd_001,screen_weekend,False,83.34666666666666,0,1.0,1.6094,0.1632489077121384,0.0,5.023470306844517e-13,0.0,0.04897467231374199
nt_y_stq__creative_002,other,False,83.35000000000001,0,1.0,13105.3555,0.16321542762442043,0.0,4.114644812141912e-09,0.0,0.048964629110255085
nt_y_stq__creative_001,other,False,83.35000000000001,0,1.0,12953.7143,0.16321542762442043,0.0,4.0670344955485205e-09,0.0,0.04896462910073302
nt_y_stq__screen__wknd_002,screen_weekend,False,83.35000000000001,0,1.0,1.9058,0.16321542762442043,0.0,5.954068181187464e-13,0.0,0.0489646282874452
nt_y_stq__parent_004,other,False,83.35000000000001,0,1.0,1.5773,0.16321542762442043,0.0,4.922686933813449e-13,0.0,0.04896462828742458
nt_y_stq__parent_002,other,False,83.35000000000001,0,1.0,1.3844,0.16321542762442043,0.0,4.3170447949445075e-13,0.0,0.048964628287412465
nt_y_stq__parent_003,other,False,83.35000000000001,0,1.0,1.3805,0.16321542762442043,0.0,4.304800086071574e-13,0.0,0.04896462828741222
nt_y_stq__parent_001,other,False,83.35000000000001,0,1.0,1.245,0.16321542762442043,0.0,3.8793749444606787e-13,0.0,0.048964628287403715
nt_y_stq__screen__wkdy__min_001__01,screen_weekday,False,86.015,0,1.0,222.2026,0.13644809749401565,0.0,6.976130891142282e-11,0.0,0.04093442926215696
nt_y_stq__screen__wkdy__hr_001__01,screen_weekday,False,86.015,0,1.0,5.5787,0.13644809749401565,0.0,1.748575823744323e-12,0.0,0.04093442924855441
nt_y_stq__screen__wkdy__min_005__01,screen_weekday,False,86.46499999999999,0,1.0,214.853,0.13192828565210868,0.0,6.745377782597381e-11,0.0,0.03957848570912336
nt_y_stq__screen__wkdy__hr_005__01,screen_weekday,False,86.46499999999999,0,1.0,4.9375,0.13192828565210868,0.0,1.547260251197529e-12,0.0,0.03957848569594206
nt_y_stq__screen__wkdy__min_006__01,screen_weekday,False,88.20166666666667,0,1.0,227.4706,0.11448515995111919,0.0,7.141528650995138e-11,0.0,0.03434554799961881
nt_y_stq__screen__wkdy__hr_006__01,screen_weekday,False,88.20166666666667,0,1.0,5.5741,0.11448515995111919,0.0,1.747131576031105e-12,0.0,0.03434554798568518
nt_y_stq__socmed_002___3,social_media,False,88.75333333333333,0,1.0,0.2423,0.10894420543381844,0.0,7.31228896540055e-14,0.0,0.03268326163016016
nt_y_stq__socmed_002___5,social_media,False,88.75333333333333,0,1.0,0.2303,0.10894420543381844,0.0,6.935528692387212e-14,0.0,0.0326832616301594
nt_y_stq__socmed_002___2,social_media,False,88.75333333333333,0,1.0,0.2266,0.10894420543381844,0.0,6.819360941541431e-14,0.0,0.03268326163015917
nt_y_stq__socmed_002___11,social_media,False,88.75333333333333,0,1.0,0.2222,0.10894420543381844,0.0,6.681215508103209e-14,0.0,0.032683261630158895
nt_y_stq__socmed_002___9,social_media,False,88.75333333333333,0,1.0,0.2018,0.10894420543381844,0.0,6.040723043980533e-14,0.0,0.03268326163015761
nt_y_stq__socmed_002___6,social_media,False,88.75333333333333,0,1.0,0.1734,0.10894420543381844,0.0,5.14905706451563e-14,0.0,0.03268326163015583
nt_y_stq__socmed_002___4,social_media,False,88.75333333333333,0,1.0,0.1342,0.10894420543381844,0.0,3.918306839338724e-14,0.0,0.032683261630153365
nt_y_stq__socmed_002___1,social_media,False,88.75333333333333,0,1.0,0.1325,0.10894420543381844,0.0,3.864932467328501e-14,0.0,0.03268326163015326
nt_y_stq__socmed_002___8,social_media,False,88.75333333333333,0,1.0,0.1,0.10894420543381844,0.0,2.844540061250708e-14,0.0,0.03268326163015122
nt_y_stq__socmed_002___10,social_media,False,88.75333333333333,0,1.0,0.0637,0.10894420543381844,0.0,1.7048402353853582e-14,0.0,0.03268326163014894
nt_y_stq__socmed_002___7,social_media,False,88.75333333333333,0,1.0,0.0177,0.10894420543381844,0.0,2.6059252216755932e-15,0.0,0.03268326163014605
nt_y_stq__socmed_001__09,social_media,False,90.82333333333334,0,1.0,2.5943,0.08815307096104608,0.0,8.115730247601496e-13,0.0,0.026445921288476136
nt_y_stq__socmed_001__10,social_media,False,90.82333333333334,0,1.0,1.7501,0.08815307096104608,0.0,5.465221726952657e-13,0.0,0.026445921288423126
nt_y_stq__socmed_001__05,social_media,False,90.82333333333334,0,1.0,1.512,0.08815307096104608,0.0,4.717666551915358e-13,0.0,0.026445921288408173
nt_y_stq__socmed_001__02,social_media,False,90.82333333333334,0,1.0,1.3052,0.08815307096104608,0.0,4.068383014755703e-13,0.0,0.02644592128839519
nt_y_stq__socmed_001__03,social_media,False,90.82333333333334,0,1.0,0.8709,0.08815307096104608,0.0,2.7048247933415947e-13,0.0,0.026445921288367917
nt_y_stq__socmed_001__11,social_media,False,90.82333333333334,0,1.0,0.4761,0.08815307096104608,0.0,1.4652834951277102e-13,0.0,0.026445921288343128
nt_y_stq__socmed_001__01,social_media,False,90.82333333333334,0,1.0,0.3069,0.08815307096104608,0.0,9.340515101789024e-14,0.0,0.0264459212883325
nt_y_stq__socmed_001__06,social_media,False,90.82333333333334,0,1.0,0.2574,0.08815307096104608,0.0,7.786378975609002e-14,0.0,0.026445921288329396
nt_y_stq__socmed_001__04,social_media,False,90.82333333333334,0,1.0,0.2247,0.08815307096104608,0.0,6.759707231647654e-14,0.0,0.026445921288327342
nt_y_stq__socmed_001__08,social_media,False,90.82333333333334,0,1.0,0.186,0.08815307096104608,0.0,5.544655351179636e-14,0.0,0.02644592128832491
nt_y_stq__socmed_001__07,social_media,False,90.82333333333334,0,1.0,0.0386,0.08815307096104608,0.0,9.167833309991244e-15,0.0,0.026445921288315653
nt_y_stq__screen__wkdy__min_003__01,screen_weekday,False,91.19,0,1.0,188.2228,0.0844702613120848,0.0,5.909277664064062e-11,0.0,0.025341078405443994
nt_y_stq__screen__wkdy__hr_003__01,screen_weekday,False,91.19,0,1.0,3.0111,0.0844702613120848,0.0,9.42434426253449e-13,0.0,0.025341078393813925
nt_y_stq__screen__wkdy__min_004__01,screen_weekday,False,91.73,0,1.0,155.9423,0.0790464871017964,0.0,4.8957768313134716e-11,0.0,0.023713946140330473
nt_y_stq__screen__wkdy__hr_004__01,screen_weekday,False,91.82166666666667,0,1.0,2.7323,0.078125784689556,0.0,8.549004561566835e-13,0.0,0.02343773540703778
nt_y_stq__dlt_001,other,False,92.16666666666667,0,1.0,102849.006,0.07466059561076066,0.0,3.2291180031803294e-08,0.0,0.022398185141464202
nt_y_stq__socmed_006__dk,social_media,False,95.65333333333332,288,1.12,2417.6768,0.03964042385791078,0.025748770675011176,7.590675247328742e-10,0.0,0.01961675851169009
nt_y_stq__screen__wkdy__min_008__01,screen_weekday,False,93.47666666666667,0,1.0,204.2811,0.06150292113765354,0.0,6.41345512174157e-11,0.0,0.018450876354122972
nt_y_stq__screen__wkdy__hr_008__01,screen_weekday,False,93.47666666666667,0,1.0,5.5981,0.06150292113765354,0.0,1.754666781491372e-12,0.0,0.018450876341646997
nt_y_stq__socmed_005__dk,social_media,False,96.11333333333334,255,1.11,3151.9695,0.035020171752850104,0.022798390701832812,9.896111231692924e-10,0.0,0.017345568934327097
nt_y_stq__dapp_003,other,False,99.60000000000001,15,1.09,3513.8094,2.220446049250313e-16,0.0013410818059901655,1.1032168727618917e-09,0.0,0.0004023247624404908
nt_y_stq__dapp_002,other,False,99.60000000000001,15,1.09,2547.1211,2.220446049250313e-16,0.0013410818059901655,7.997087495728911e-10,0.0,0.00040232470173886615
nt_y_stq__dapp_004,other,False,99.60000000000001,15,1.09,2546.2835,2.220446049250313e-16,0.0013410818059901655,7.994457709023279e-10,0.0,0.0004023247016862704
